strategy,letter,parameters,blocks,hidden,budget_mb,local_ram_budget_mb,remote_layers,remote_fetches_per_layer_per_step,remote_bytes_read_mb_per_step,remote_bytes_written_mb_per_step,exposed_remote_fetch_ms,hidden_remote_fetch_ms,remote_reuse_ratio,local_ram_peak_mb,remote_ram_peak_mb,network_mbps,network_rtt_ms,prefetch_distance,ok,step_s,steps_per_s,samples_per_s,accelerator_peak_allocated_mb,accelerator_peak_reserved_mb,ledger_accelerator_peak_mb,ram_resident_mb,process_rss_peak_mb,H2D_mb_per_step,D2H_mb_per_step,exposed_memory_transfer_s,memory_overlapped_s,prefetch_stall_ms,tensor_cache_hit_ratio,hot_layers,cold_layers,loss_first,loss_last,error
static,A,22384384,1,1280,1024.0,,,,,,,,,0.0,0.0,,,,True,0.029798388481140137,33.558861769753605,268.47089415802884,495.08740234375,524.0,341.55859375,0.0,1027.625,0.0,0.0,0.0,0.0,0.0,,,,7.139872908592224,7.057840347290039,
static,A,42061824,2,1280,1024.0,,,,,,,,,0.0,0.0,,,,True,0.051198363304138184,19.531874369881926,156.2549949590554,890.41064453125,926.0,641.8125,0.0,1103.09765625,0.0,0.0,0.0,0.0,0.0,,,,7.0729076862335205,7.059159159660339,
static,A,61739264,3,1280,1024.0,,,,,,,,,,,,,,False,,,,,,,,,,,,,,,,,,,"OutOfMemoryError: CUDA out of memory. Tried to allocate 20.00 MiB. GPU 0 has a total capacity of 8.00 GiB of which 5.86 GiB is free. 1024.00 MiB allowed; Of the allocated memory 985.69 MiB is allocated by PyTorch, and 34.31 MiB is reserved by PyTorch but unallocated. If reserved but unallocated memory is large try se"
local-offload-reuse,L,42061824,2,1280,1024.0,1536.0,0,,,,,,,641.8125,0.0,,,1,True,0.12287378311157227,8.138432582416517,65.10746065933213,412.2490234375,480.0,320.90625,641.8125,1721.3359375,160.453125,160.453125,0.08912062644958496,0.0,0.0,1.0,4,0,7.0729076862335205,7.059159278869629,
local-offload-reuse,L,61739264,3,1280,1024.0,1536.0,0,,,,,,,942.06640625,0.0,,,1,True,0.18170106410980225,5.503545094241707,44.028360753933654,566.3759765625,658.0,471.033203125,942.06640625,2084.16015625,235.5166015625,235.5166015625,0.12777507305145264,0.0,0.0,1.0,5,0,7.093505024909973,7.018536329269409,
local-offload-reuse,L,81416704,4,1280,1024.0,1536.0,0,,,,,,,1242.3203125,0.0,,,1,True,0.22345244884490967,4.475225065419015,35.80180052335212,720.5029296875,808.0,621.16015625,1242.3203125,2447.91796875,310.580078125,310.580078125,0.16740357875823975,0.0,0.0,1.0,6,0,7.136815667152405,7.024250507354736,
local-offload-reuse,L,101094144,5,1280,1024.0,,,,,,,,,,,,,1,False,,,,,,,,,,,,,,,,,,,"MemoryError: no residency plan fits: needs 1.58 GB of local RAM, budget 1.50 GB (usable 1.42 GB); remote_offload could place layers remotely"
remote-offload,R,81416704,4,1280,1024.0,1536.0,0,,,,,,,1242.3203125,0.0,70.84023151226492,6.265299976803362,1,True,0.2334582805633545,4.28342056485174,34.26736451881392,720.5029296875,808.0,621.16015625,1242.3203125,2447.92578125,310.580078125,310.580078125,0.17110586166381836,0.0,0.0,1.0,6,0,7.136815667152405,7.058577179908752,
remote-offload,R,101094144,5,1280,1024.0,1536.0,6,1.1666666666666667,931.740234375,931.740234375,53503.71241569519,67985.43238639832,0.5,1377.40625,931.740234375,44.794453323279875,1.5926000196486712,1,True,76.37830877304077,0.013092722476632917,0.10474177981306333,696.7060546875,864.0,696.2236328125,610.833984375,2932.515625,535.7705078125,836.0244140625,72.28563046455383,0.001123666763305664,0.0,0.9583333333333334,5,2,7.116205453872681,7.125766038894653,
remote-offload,R,120771584,6,1280,1024.0,1536.0,7,1.2857142857142858,1156.9306640625,1156.9306640625,93289.36648368835,102553.90286445618,0.6086956521739131,1527.533203125,1156.9306640625,35.77008946905744,2.5736000388860703,1,True,131.96505904197693,0.0075777634417752105,0.060622107534201684,736.7294921875,918.0,696.2236328125,685.8974609375,3103.9140625,685.8974609375,1136.2783203125,124.91543340682983,0.0024232864379882812,0.0,0.9629629629629629,5,3,7.067322492599487,7.162599086761475,
remote-offload,R,160126464,8,1280,1024.0,1536.0,10,1.5,2057.6923828125,1832.501953125,117216.27259254456,193928.6665916443,0.7,1527.533203125,1832.501953125,26.36708602696766,22.57219993043691,1,True,178.8979470729828,0.005589779068800841,0.04471823255040673,816.7763671875,1004.0,696.2236328125,610.833984375,3138.28125,986.1513671875,1736.7861328125,148.81231260299683,0.006644725799560547,69.07296180725098,0.9722222222222222,5,5,7.058249354362488,7.158302903175354,
remote-offload,R,199481344,10,1280,1024.0,,,,,,,,,,,,,1,False,,,,,,,,,,,,,,,,,,,"MemoryError: no residency plan fits: needs 1.48 GB of local RAM, budget 1.50 GB (usable 1.42 GB)"
